INSERT INTO ps_dr2forced_mean (obj_name, id, n_detections, gn_total, gf_psf_flux, gf_psf_flux_err, gf_psf_flux_std, catalog_id)
VALUES 
('PSO J245.8822-26.5341',76152458823159609,66,16,0.000815014005638659,1.6702499124221504e-05,246.7480010986328, 5),
('PSO J245.8876-26.5374',76152458877255525,58,16,0.000510525016579777,2.6620800781529397e-06,6.377260208129883, 5),
('PSO J245.8930-26.5410',76152458930601274,34,16,0.00036421598633751273,4.2143501559621654e-06,10.472599983215332, 5),
('PSO J245.8930-26.5339',76152458930989683,47,16,0.00041156698716804385,1.4191299669619184e-05,153.42599487304688, 5),
('PSO J245.8950-26.5339',76152458951209846,5,16,0.0007544870022684336,2.3264299670699984e-05,310.31298828125, 5),
('PSO J245.8953-26.5358',76152458953897453,51,16,0.0004182739940006286,8.18799981061602e-06,30.673799514770508, 5),
('PSO J245.8955-26.5416',76152458955080528,21,16,0.0012557599693536758,2.7087400667369366e-05,309.2929992675781, 5),
('PSO J245.8956-26.5358',76152458957087502,68,16,0.00042599899461492896,1.8063399693346582e-05,282.6990051269531, 5);

INSERT INTO ps_dr2detection (obj_id, detect_id, filter_id, obs_time, ra, dec_, psf_major_fwhm, psf_minor_fwhm, catalog_id)
VALUES
(76152458823159609,160442597530001861,2,55705.4262141,245.88228397,-26.53399262,1.3934600353240967,1.275480031967163, 6),
(76152458877255525,236935236510002458,3,56470.3526303,245.88763862,-26.53741409,1.4048199653625488,1.348960041999817, 6),
(76152458930601274,160442597530003997,2,55705.4262141,245.89300912,-26.54095165,1.3952800035476685,1.2786600589752197, 6),
(76152458930601274,160444010530003898,2,55705.4403465,245.89301646,-26.54093656,1.3343700170516968,1.2141000032424927, 6),
(76152458930601274,160445586530003707,3,55705.4561386,245.89303842,-26.54092752,1.0682799816131592,0.9215689897537231, 6),
(76152458930601274,160447140530004212,3,55705.4716637,245.89300439,-26.54095142,0.9695519804954529,0.8521299958229065, 6),
(76152458930989683,160442597530003982,2,55705.4262141,245.8930174,-26.53395675,1.4170199632644653,1.2817599773406982, 6),
(76152458930989683,160444010530003155,2,55705.4403465,245.893035,-26.53392147,1.350219964981079,1.2151299715042114, 6),
(76152458930989683,160445586530002943,3,55705.4561386,245.89302942,-26.53391901,1.0782699584960938,0.9240649938583374, 6),
(76152458951209846,160447140530001471,3,55705.4716637,245.89504734,-26.533842,0.9795100092887878,0.855318009853363, 6),
(76152458951209846,165826141530001130,5,55759.2615862,245.89503921,-26.53385422,0.9702569842338562,0.8138139843940735, 6),
(76152458953897453,160442597530002936,2,55705.4262141,245.89532403,-26.53583158,1.4179500341415405,1.283619999885559, 6),
(76152458953897453,160444010530003624,2,55705.4403465,245.89525335,-26.53581306,1.3522900342941284,1.2176200151443481, 6),
(76152458953897453,160445586530002186,3,55705.4561386,245.89531946,-26.5358261,1.0809600353240967,0.9267449975013733, 6),
(76152458955080528,160445586530000755,3,55705.4561386,245.89545503,-26.54158582,1.0718599557876587,0.92392498254776, 6),
(76152458955080528,160447140530000773,3,55705.4716637,245.89545439,-26.54157169,0.9715290069580078,0.853413999080658, 6),
(76152458955080528,165826141530000796,5,55759.2615862,245.89542776,-26.54157655,0.9570350050926208,0.8110489845275879, 6),
(76152458955080528,165827883530000785,5,55759.2790064,245.89545001,-26.54157955,0.9536839723587036,0.7878249883651733, 6),
(76152458957087502,160442597530003154,2,55705.4262141,245.89562894,-26.5357541,1.4186099767684937,1.2836600542068481, 6),
(76152458957087502,160444010530003102,2,55705.4403465,245.89563464,-26.53575211,1.3523800373077393,1.2172600030899048, 6),
(76152459006939500,166126121530000288,4,55762.2613969,245.90084223,-26.53407295,0.9314709901809692,0.848783016204834, 6),
(76152459006939500,126234849660000489,1,55363.3487536,245.90063533,-26.53409991,1.7752399444580078,1.533619999885559, 6),
(76152459006939500,161042292130000422,1,55711.4231852,245.90040136,-26.53411984,1.439370036125183,1.227220058441162, 6);

INSERT INTO nexsci (planet_name,Rp,Mp,Tday,Teq,log_gp,period,transit_duration,distance,Teff,log_gs,transit_flag,catalog_id)
VALUES 
('OGLE-2018-BLG-1700L b',1.15,4.4,null,null,3.916,null,null,7600.0,null,null,False,15),
('Kepler-1697 b',0.11,0.00668,526.0,442.0,3.121,33.4969,4.111,247.77,4682.0,4.54,True,15),
('KMT-2018-BLG-1996L b',1.23,1.09,null,null,3.252,null,null,5910.0,null,null,False,15),
('OGLE-2018-BLG-1428L b',1.25,0.77,null,null,3.087,null,null,6220.0,null,null,False,15),
('2MASS J12073346-3932539 b',1.15,5.0,10.0,9.0,3.972,null,null,64.31,2825.0,5.03,False,15),
('42 Dra b',1.16,3.88,1036.0,871.0,3.854,479.1,null,90.65,4200.0,1.71,False,15),
('4 UMa b',1.13,7.1,1155.0,971.0,4.139,269.3,null,73.46,4415.0,1.8,False,15),
('alf Ari b',1.2,1.8,889.0,747.0,3.491,380.8,null,20.21,4553.0,2.49,False,15),
('CoRoT-10 b',0.97,2.75,796.0,670.0,3.86,13.2406,2.98,338.39,5075.0,4.65,True,15),
('CoRoT-14 b',1.09,7.6,2317.0,1948.0,4.2,1.5121,1.662,1744.6,6035.0,4.35,True,15),
('DH Tau b',2.7,11.0,7.0,6.0,3.573,null,null,134.85,4371.0,4.0,False,15),
('gam 1 Leo b',1.12,8.78,1285.0,1081.0,4.239,428.5,null,39.89,4330.0,1.66,False,15),
('GJ 667 C g',0.18,0.014,null,null,3.044,256.2,null,7.24,3350.0,4.69,False,15),
('HD 106515 A b',1.11,9.61,183.0,154.0,4.286,3630.0,null,34.09,5362.0,4.41,False,15),
('11 Com b',1.08,19.4,1044.0,878.0,4.615,326.03,null,93.18,4742.0,2.31,False,15),
('11 UMi b',1.09,14.74,1066.0,896.0,4.488,516.22,null,125.32,4213.0,1.93,False,15),
('2MASS J01225093-2439505 b',1.0,24.5,17.0,14.0,4.783,null,null,33.83,3530.0,4.86,False,15),
('14 And b',1.15,4.8,1005.0,845.0,3.954,185.84,null,75.44,4813.0,2.63,False,15),
('14 Her b',1.15,4.66,172.0,145.0,3.941,1773.4,null,17.93,5338.0,4.45,False,15),
('2MASS J04414489+2301513 b',1.13,7.5,21.0,18.0,4.163,null,null,120.42,2936.0,5.01,False,15);

INSERT INTO hsc_v3hcvsummary (match_id, filter_, group_id, ra, dec_, mean_mag, mean_corr_mag, mad, catalog_id)
VALUES 
(69245948,'WFC3_F467M',33675,245.8820189599609,-26.5340960235596,20.4468680884956,20.453704410095,0.0110232029624946, 13 ),		
(69245948,'WFC3_F775W',33675,245.8820189599609,-26.5340960235596,18.8462035833333,18.8446505550281,0.0177226328125393, 13 ),		
(17207942,'WFC3_F467M',33675,245.89603347168,-26.5360559692383,18.95170625,18.9583477970152,0.0149433196586415, 13 ),		
(17207942,'WFC3_F775W',33675,245.89603347168,-26.5360559692383,17.6986206463415,17.6967168317831,0.0102521906138655, 13 ),		
(18834572,'WFC3_F467M',33675,245.885314941406,-26.5367889404297,19.6832142477876,19.6904602146075,0.0113564702367164, 13 ),		
(18834572,'WFC3_F775W',33675,245.885314941406,-26.5367889404297,18.2889734222222,18.2864333078702,0.0108321995236498, 13 ),		
(92485645,'WFC3_F467M',33675,245.884155273438,-26.534969329834,16.9120762966102,16.9188533935184,0.0143791432677034, 13 ),		
(92485645,'WFC3_F775W',33675,245.884155273438,-26.534969329834,15.7924186813187,15.7898550164939,0.00681028147067941, 13 );

INSERT INTO hsc_v3hcvdetailed (match_id, filter_, mjd, image_id, corr_mag, mag_err, d, catalog_id)
VALUES
(69245948,'WFC3_F467M',56550.6149253182,1,20.452575699089,0.0124,3.64172315597534, 14),
(69245948,'WFC3_F467M',56550.6813719964,3,20.5002755629543,0.0121,4.27947473526001, 14),
(69245948,'WFC3_F775W',56209.1753687419,6,18.8315333306005,0.0228,1.17703294754028, 14),
(69245948,'WFC3_F775W',56209.2388638994,7,18.8270589000256,0.0221,0.282391011714935, 14),
(17207942,'WFC3_F467M',56550.5485132823,2,18.9576598218113,0.0044999998,3.76261568069458, 14),
(17207942,'WFC3_F467M',56550.6149253182,1,18.9539565209757,0.0044999998,4.52082967758179, 14),
(17207942,'WFC3_F467M',56550.6813719964,3,18.9763656058223,0.0049000001,5.02554512023926, 14),
(17207942,'WFC3_F775W',56209.0404613044,5,17.702341391156,0.0129,2.21112585067749, 14),
(17207942,'WFC3_F775W',56209.1753687419,6,17.7069015744975,0.0128,0.559993267059326, 14),
(17207942,'WFC3_F775W',56209.3053802059,8,17.6885717550688,0.013,1.3402853012085, 14),
(18834572,'WFC3_F467M',56550.6149253182,1,19.7371197602539,0.0071999999,3.41141200065613, 14),
(18834572,'WFC3_F467M',56550.6813719964,3,19.6759853808401,0.0074999998,4.71203279495239, 14),
(18834572,'WFC3_F775W',56209.0404613044,5,18.3021369056332,0.017100001,1.66733777523041, 14),
(18834572,'WFC3_F775W',56209.1753687419,6,18.2783333306005,0.016799999,1.41407442092896, 14),
(92485645,'WFC3_F467M',56550.6149253182,1,16.9076819769431,0.0016,3.10599541664124, 14),
(92485645,'WFC3_F467M',56550.6813719964,3,16.9069989098979,0.0016,3.5789053440094, 14),
(92485645,'WFC3_F467M',56551.2762331006,4,16.9024551467802,0.0020999999,0.997993588447571, 14),
(92485645,'WFC3_F775W',56209.0404613044,5,15.7767720770043,0.0052,1.85535073280334, 14),
(92485645,'WFC3_F775W',56209.1753687419,6,15.7771742275789,0.0052,1.52162146568298, 14),
(92485645,'WFC3_F775W',56209.2388638994,7,15.7864873860762,0.0052,0.348885476589203, 14),
(78413471,'WFC3_F467M',56311.2565343252,8,19.0722006626486,0.0049999999,1.22427546977997, 14),
(78413471,'WFC3_F467M',56311.4935191504,4,19.0789595901457,0.0046999999,1.0418689250946, 14);









